date,open,high,low,close,volume
2017-12-29,3.1,3.13,3.1,3.12,28748559
2018-01-02,3.12,3.15,3.11,3.14,41038277
2018-01-03,3.14,3.16,3.13,3.15,40576221
2018-01-04,3.15,3.18,3.14,3.16,49086228
2018-01-05,3.16,3.17,3.14,3.16,41563647
2018-01-08,3.15,3.22,3.14,3.2,74377478
2018-01-09,3.2,3.2,3.16,3.17,38433216
2018-01-10,3.17,3.17,3.14,3.15,42645097
2018-01-11,3.15,3.15,3.12,3.13,35078106
2018-01-12,3.14,3.18,3.13,3.16,32987248
2018-01-15,3.14,3.15,3.12,3.12,40785464
2018-01-16,3.12,3.15,3.11,3.14,26557422
2018-01-17,3.14,3.2,3.14,3.19,68128260
2018-01-18,3.17,3.19,3.17,3.19,36048894
2018-01-19,3.19,3.23,3.18,3.21,63417356
2018-01-22,3.2,3.23,3.18,3.21,52072571
2018-01-23,3.21,3.22,3.19,3.21,43747922
2018-01-24,3.21,3.24,3.2,3.23,51628029
2018-01-25,3.22,3.28,3.22,3.25,76473465
2018-01-26,3.25,3.25,3.21,3.23,50633728
2018-01-29,3.23,3.28,3.22,3.25,65025337
2018-01-30,3.24,3.25,3.18,3.19,58778501
2018-01-31,3.17,3.18,3.1,3.12,74347429
2018-02-01,3.12,3.13,3.05,3.06,68192554
2018-02-02,3.06,3.11,3.03,3.1,48587327
2018-02-05,3.07,3.1,3.05,3.09,32557172
2018-02-06,3.07,3.16,3.06,3.07,80193797
2018-02-07,3.1,3.12,3.06,3.08,52601106
2018-02-08,3.08,3.09,3.05,3.07,40868822
2018-02-09,3.04,3.04,2.94,2.97,93755126
2018-02-12,2.97,3.0,2.96,2.99,30746342
2018-02-13,3.0,3.01,2.98,2.98,31104859
2018-02-14,2.99,3.0,2.98,2.99,16672669
2018-02-22,3.0,3.02,2.99,3.0,44109078
2018-02-23,3.0,3.02,2.99,3.01,43855200
2018-02-26,3.01,3.04,2.99,3.03,66053038
2018-02-27,3.03,3.04,3.0,3.01,41285422
2018-02-28,3.0,3.01,2.98,3.0,30895423
2018-03-01,2.99,3.02,2.98,3.02,45542290
2018-03-02,3.02,3.12,3.01,3.09,107110550
2018-03-05,3.08,3.1,3.05,3.09,54606430
2018-03-06,3.08,3.1,3.07,3.1,40176614
2018-03-07,3.09,3.16,3.07,3.12,77996773
2018-03-08,3.11,3.23,3.1,3.18,116183337
2018-03-09,3.17,3.18,3.15,3.16,50529911
2018-03-12,3.16,3.17,3.14,3.16,49144119
2018-03-13,3.15,3.15,3.11,3.11,47935125
2018-03-14,3.11,3.15,3.11,3.12,31496250
2018-03-15,3.12,3.14,3.09,3.11,42486978
2018-03-16,3.1,3.12,3.07,3.08,36335995
2018-03-19,3.08,3.09,3.07,3.07,28677202
2018-03-20,3.07,3.09,3.05,3.08,30587801
2018-03-21,3.08,3.1,3.06,3.06,33920032
2018-03-22,3.06,3.08,3.04,3.04,40340716
2018-03-23,3.01,3.02,2.95,2.97,81929650
2018-03-26,2.95,2.98,2.91,2.97,43677479
2018-03-27,2.99,3.01,2.97,2.99,52282125
2018-03-28,2.97,2.98,2.95,2.96,34803153
2018-03-29,2.98,2.98,2.95,2.98,31576521
2018-03-30,2.98,2.99,2.95,2.97,39777690
2018-04-02,2.97,2.97,2.94,2.95,47583737
2018-04-03,2.93,2.94,2.92,2.93,29997178
2018-04-04,2.93,2.94,2.91,2.91,34524688
2018-04-09,2.91,2.91,2.88,2.89,41788084
2018-04-10,2.89,2.92,2.88,2.92,28058781
2018-04-11,2.93,2.95,2.91,2.94,50743028
2018-04-12,2.94,2.95,2.93,2.94,25351800
2018-04-13,2.94,2.95,2.92,2.92,20174901
2018-04-16,2.92,2.92,2.86,2.88,44180400
2018-04-17,2.89,2.89,2.86,2.87,28990432
2018-04-18,2.88,2.89,2.85,2.87,27264834
2018-04-19,2.87,2.9,2.86,2.89,34872487
2018-04-20,2.87,2.88,2.84,2.85,32090244
2018-04-23,2.85,2.87,2.83,2.85,31224960
2018-04-24,2.84,2.87,2.84,2.86,53948350
2018-04-25,2.85,2.86,2.84,2.85,27556040
2018-04-26,2.85,2.86,2.82,2.82,37466029
2018-04-27,2.83,2.85,2.82,2.84,36791795
2018-05-02,2.84,2.86,2.83,2.86,48251481
2018-05-03,2.85,2.91,2.85,2.9,62266142
2018-05-04,2.9,2.91,2.88,2.9,25753214
2018-05-07,2.9,2.92,2.89,2.91,29334145
2018-05-08,2.91,2.92,2.89,2.91,29294158
2018-05-09,2.9,2.91,2.88,2.9,26000901
2018-05-10,2.9,2.91,2.89,2.89,32464905
2018-05-11,2.9,2.9,2.88,2.88,29010481
2018-05-14,2.89,2.89,2.86,2.87,31903000
2018-05-15,2.87,2.9,2.86,2.89,32549816
2018-05-16,2.88,2.92,2.87,2.91,53898231
2018-05-17,2.9,2.91,2.89,2.9,27727673
2018-05-18,2.9,2.91,2.88,2.91,30951937
2018-05-21,2.91,2.94,2.91,2.93,52967292
2018-05-22,2.93,2.94,2.91,2.92,29495500
2018-05-23,2.92,3.01,2.92,2.98,128275566
2018-05-24,2.97,2.98,2.93,2.93,67303499
2018-05-25,2.93,2.93,2.89,2.91,53157142
2018-05-28,2.91,2.91,2.88,2.88,33841742
2018-05-29,2.87,2.89,2.86,2.87,25732962
2018-05-30,2.86,2.86,2.81,2.82,41560195
2018-05-31,2.83,2.85,2.82,2.84,28316559
2018-06-01,2.83,2.84,2.82,2.84,26275892
2018-06-04,2.84,2.84,2.82,2.83,21462067
2018-06-05,2.83,2.85,2.82,2.85,25115134
2018-06-06,2.84,2.85,2.83,2.85,22497624
2018-06-07,2.84,2.85,2.82,2.82,21408728
2018-06-08,2.82,2.83,2.77,2.79,40433983
2018-06-11,2.78,2.79,2.76,2.79,28454496
2018-06-12,2.78,2.79,2.77,2.78,21275871
2018-06-13,2.78,2.79,2.77,2.79,30751341
2018-06-14,2.78,2.79,2.76,2.79,20075605
2018-06-15,2.78,2.78,2.74,2.76,32537848
2018-06-19,2.74,2.74,2.54,2.6,80187305
2018-06-20,2.58,2.63,2.57,2.61,33898727
2018-06-21,2.61,2.64,2.6,2.61,44057085
2018-06-22,2.61,2.62,2.59,2.62,22322579
2018-06-25,2.62,2.63,2.59,2.59,24589200
2018-06-26,2.57,2.58,2.54,2.58,34406916
2018-06-27,2.58,2.58,2.56,2.58,23878562
2018-06-28,2.57,2.61,2.57,2.6,26847013
2018-06-29,2.59,2.63,2.58,2.62,26033413
2018-07-02,2.61,2.68,2.6,2.63,45209207
2018-07-03,2.63,2.65,2.61,2.64,30980218
2018-07-04,2.63,2.66,2.63,2.65,23077989
2018-07-05,2.64,2.65,2.58,2.6,27222839
2018-07-06,2.6,2.64,2.57,2.63,30948123
2018-07-09,2.62,2.67,2.62,2.67,35142571
2018-07-10,2.6,2.61,2.58,2.59,21953202
2018-07-11,2.58,2.59,2.53,2.55,24234490
2018-07-12,2.55,2.6,2.54,2.59,31200443
2018-07-13,2.59,2.59,2.57,2.57,16121136
2018-07-16,2.57,2.58,2.56,2.57,13990891
2018-07-17,2.57,2.57,2.55,2.57,13261704
2018-07-18,2.57,2.7,2.56,2.67,103177509
2018-07-19,2.65,2.66,2.62,2.63,38653474
2018-07-20,2.63,2.73,2.62,2.71,103392376
2018-07-23,2.7,2.75,2.69,2.73,53953951
2018-07-24,2.73,2.76,2.71,2.75,57410241
2018-07-25,2.75,2.75,2.71,2.72,28468831
2018-07-26,2.72,2.77,2.72,2.75,35717248
2018-07-27,2.75,2.77,2.72,2.72,32753583
2018-07-30,2.73,2.8,2.72,2.77,55789150
2018-07-31,2.78,2.78,2.76,2.78,25669196
2018-08-01,2.76,2.78,2.72,2.72,37963000
2018-08-02,2.72,2.73,2.64,2.68,49967804
2018-08-03,2.67,2.7,2.66,2.68,24731559
2018-08-06,2.67,2.68,2.63,2.64,29465849
2018-08-07,2.62,2.7,2.62,2.69,35076312
2018-08-08,2.69,2.71,2.68,2.69,27190339
2018-08-09,2.68,2.71,2.66,2.7,36667514
2018-08-10,2.69,2.69,2.61,2.63,70593872
2018-08-13,2.61,2.64,2.58,2.63,30821159
2018-08-14,2.63,2.63,2.6,2.62,26213307
2018-08-15,2.62,2.63,2.59,2.6,30111496
2018-08-16,2.58,2.6,2.56,2.58,37946496
2018-08-17,2.58,2.59,2.54,2.55,36548766
2018-08-20,2.55,2.57,2.53,2.57,31298820
2018-08-21,2.56,2.59,2.55,2.58,27268238
2018-08-22,2.58,2.58,2.55,2.57,30219967
2018-08-23,2.56,2.58,2.56,2.57,23707771
2018-08-24,2.57,2.58,2.55,2.57,26665566
2018-08-27,2.57,2.6,2.56,2.6,33161909
2018-08-28,2.59,2.6,2.58,2.58,27104426
2018-08-29,2.59,2.61,2.58,2.59,33054178
2018-08-30,2.6,2.61,2.58,2.58,31059688
2018-08-31,2.58,2.59,2.54,2.59,61441028
2018-09-03,2.57,2.57,2.54,2.55,27609342
2018-09-04,2.55,2.57,2.54,2.56,27517164
2018-09-05,2.56,2.56,2.53,2.54,21887100
2018-09-06,2.53,2.55,2.53,2.54,19747561
2018-09-07,2.53,2.56,2.52,2.53,30653282
2018-09-10,2.52,2.53,2.5,2.51,23729153
2018-09-11,2.51,2.52,2.49,2.5,22989279
2018-09-12,2.5,2.51,2.49,2.5,18882702
2018-09-13,2.51,2.52,2.49,2.51,31174293
2018-09-14,2.51,2.51,2.49,2.49,21164301
2018-09-17,2.49,2.5,2.47,2.48,24231858
2018-09-18,2.48,2.52,2.47,2.51,40415454
2018-09-19,2.51,2.56,2.5,2.54,58095729
2018-09-20,2.54,2.54,2.52,2.54,27518356
2018-09-21,2.53,2.57,2.53,2.57,44763453
2018-09-25,2.56,2.56,2.53,2.55,31487392
2018-09-26,2.54,2.56,2.53,2.54,40025098
2018-09-27,2.55,2.55,2.53,2.54,30538553
2018-09-28,2.54,2.56,2.53,2.55,47664208
2018-10-08,2.53,2.54,2.49,2.49,47397900
2018-10-09,2.49,2.52,2.49,2.49,31803938
2018-10-10,2.5,2.51,2.49,2.5,30370030
2018-10-11,2.47,2.47,2.34,2.37,79464475
2018-10-12,2.35,2.39,2.31,2.37,46699677
2018-10-15,2.37,2.38,2.32,2.33,29057310
2018-10-16,2.32,2.34,2.29,2.3,41330125
2018-10-17,2.31,2.33,2.29,2.32,35772746
2018-10-18,2.31,2.32,2.28,2.28,32552569
2018-10-19,2.27,2.33,2.25,2.33,38898690
2018-10-22,2.33,2.43,2.33,2.42,58256198
2018-10-23,2.41,2.42,2.38,2.39,38791708
2018-10-24,2.38,2.42,2.38,2.41,29566442
2018-10-25,2.38,2.41,2.35,2.4,30390832
2018-10-26,2.4,2.44,2.4,2.41,35423683
2018-10-29,2.41,2.42,2.38,2.4,25138129
2018-10-30,2.38,2.43,2.38,2.42,30056513
2018-10-31,2.42,2.45,2.42,2.44,33576692
2018-11-01,2.44,2.47,2.44,2.44,33917042
2018-11-02,2.46,2.48,2.45,2.47,39080556
2018-11-05,2.47,2.48,2.45,2.47,25966679
2018-11-06,2.47,2.48,2.46,2.47,19906154
2018-11-07,2.47,2.48,2.45,2.46,29490645
2018-11-08,2.46,2.47,2.44,2.44,25042494
2018-11-09,2.45,2.45,2.43,2.43,17857805
2018-11-12,2.43,2.48,2.42,2.47,28564291
2018-11-13,2.46,2.52,2.45,2.51,45152917
2018-11-14,2.5,2.51,2.48,2.48,32262722
2018-11-15,2.48,2.51,2.48,2.51,28093784
2018-11-16,2.51,2.52,2.49,2.51,46044006
2018-11-19,2.51,2.53,2.49,2.52,40329553
2018-11-20,2.51,2.51,2.46,2.47,36827345
2018-11-21,2.46,2.49,2.45,2.48,29086570
2018-11-22,2.48,2.49,2.47,2.48,17614095
2018-11-23,2.48,2.48,2.42,2.45,32371909
2018-11-26,2.44,2.45,2.42,2.43,23597995
2018-11-27,2.44,2.46,2.42,2.45,25890761
2018-11-28,2.45,2.46,2.43,2.46,21812087
2018-11-29,2.46,2.49,2.43,2.44,42535208
2018-11-30,2.44,2.5,2.43,2.49,42488358
2018-12-03,2.5,2.54,2.5,2.52,45829424
2018-12-04,2.52,2.54,2.51,2.53,28599904
2018-12-05,2.51,2.55,2.5,2.53,34822184
2018-12-06,2.53,2.54,2.51,2.51,28852442
2018-12-07,2.52,2.56,2.51,2.55,29424404
2018-12-10,2.54,2.55,2.52,2.53,28647297
2018-12-11,2.54,2.55,2.51,2.51,19052900
2018-12-12,2.52,2.54,2.51,2.52,21507974
2018-12-13,2.53,2.56,2.51,2.54,32774681
2018-12-14,2.53,2.54,2.5,2.5,35446784
2018-12-17,2.5,2.5,2.48,2.5,32275600
2018-12-18,2.49,2.5,2.46,2.48,27556428
2018-12-19,2.49,2.52,2.48,2.49,28857505
2018-12-20,2.49,2.5,2.45,2.47,25959873
2018-12-21,2.46,2.49,2.45,2.48,30165332
2018-12-24,2.46,2.52,2.46,2.51,34927086
2018-12-25,2.49,2.5,2.45,2.48,27321069
2018-12-26,2.48,2.49,2.46,2.48,22644885
2018-12-27,2.5,2.52,2.46,2.51,45882843
2018-12-28,2.5,2.57,2.48,2.56,71289301
2019-01-02,2.55,2.57,2.52,2.55,48306400
2019-01-03,2.54,2.56,2.53,2.55,28300007
2019-01-04,2.54,2.58,2.53,2.57,41762670
2019-01-07,2.54,2.58,2.55,2.57,40051837
2019-01-08,2.57,2.62,2.56,2.6,38900769
2019-01-09,2.6,2.64,2.59,2.6,52389727
2019-01-10,2.6,2.61,2.58,2.59,32005153
2019-01-11,2.6,2.61,2.57,2.59,24528281
2019-01-14,2.58,2.59,2.55,2.55,24630701
2019-01-15,2.55,2.58,2.54,2.57,17613697
2019-01-16,2.58,2.59,2.56,2.57,22563243
2019-01-17,2.57,2.58,2.55,2.55,20762458
2019-01-18,2.56,2.59,2.55,2.59,30246398
2019-01-21,2.59,2.6,2.57,2.57,19414100
2019-01-22,2.58,2.58,2.55,2.56,22101656
2019-01-23,2.55,2.56,2.54,2.55,24459901
2019-01-24,2.56,2.57,2.54,2.56,22424009
2019-01-25,2.57,2.59,2.56,2.58,39226522
2019-01-28,2.58,2.61,2.58,2.6,31631067
2019-01-29,2.59,2.59,2.55,2.56,31717332
2019-01-30,2.49,2.49,2.42,2.43,88294371
2019-01-31,2.42,2.44,2.4,2.4,52176007
2019-02-01,2.41,2.46,2.4,2.46,29778505
2019-02-11,2.46,2.48,2.45,2.47,34554573
2019-02-12,2.47,2.49,2.46,2.49,45221828
2019-02-13,2.49,2.53,2.47,2.52,54467126
2019-02-14,2.52,2.55,2.5,2.52,48311447
2019-02-15,2.52,2.56,2.51,2.54,54242527
2019-02-18,2.54,2.6,2.54,2.59,70520554
2019-02-19,2.6,2.61,2.58,2.59,63002724
2019-02-20,2.6,2.6,2.56,2.58,42111674
2019-02-21,2.58,2.58,2.54,2.55,52671626
2019-02-22,2.55,2.57,2.54,2.57,46251893
2019-02-25,2.58,2.66,2.57,2.66,173289822
2019-02-26,2.67,2.75,2.64,2.69,195979523
2019-02-27,2.68,2.72,2.66,2.68,145191786
2019-02-28,2.67,2.69,2.64,2.65,81477481
2019-03-01,2.65,2.66,2.62,2.65,92071439
2019-03-04,2.65,2.72,2.64,2.69,163497751
2019-03-05,2.69,2.71,2.68,2.71,111085643
2019-03-06,2.71,2.77,2.7,2.77,205483536
2019-03-07,2.78,2.86,2.74,2.83,260390678
2019-03-08,2.78,2.78,2.68,2.68,205957275
2019-03-11,2.68,2.78,2.68,2.78,146715479
2019-03-12,2.78,2.98,2.76,2.86,309022568
2019-03-13,2.82,2.84,2.76,2.78,163278428
2019-03-14,2.77,2.78,2.68,2.71,107096900
2019-03-15,2.7,2.74,2.69,2.72,90506264
2019-03-18,2.72,2.76,2.7,2.76,111587964
2019-03-19,2.76,2.8,2.74,2.76,115447751
2019-03-20,2.76,2.76,2.71,2.74,76070154
2019-03-21,2.75,2.78,2.74,2.75,86790591
2019-03-22,2.76,2.76,2.71,2.74,73635348
2019-03-25,2.71,2.73,2.7,2.71,73087590
2019-03-26,2.71,2.73,2.64,2.65,88396838
2019-03-27,2.66,2.67,2.63,2.65,47324211
2019-03-28,2.64,2.65,2.61,2.62,48837464
2019-03-29,2.62,2.68,2.61,2.68,82082563
2019-04-01,2.68,2.75,2.68,2.73,112471016
2019-04-02,2.74,2.75,2.72,2.74,79652224
2019-04-03,2.73,2.76,2.71,2.75,84161254
2019-04-04,2.76,2.79,2.75,2.78,107786504
2019-04-08,2.78,2.8,2.73,2.75,108559492
2019-04-09,2.75,2.77,2.74,2.76,74929374
2019-04-10,2.75,2.77,2.72,2.75,75336238
2019-04-11,2.76,2.84,2.75,2.82,202255152
2019-04-12,2.8,2.87,2.78,2.85,185148450
2019-04-15,2.87,2.89,2.82,2.82,139494432
2019-04-16,2.8,2.82,2.75,2.81,93524838
2019-04-17,2.8,2.81,2.78,2.8,74447974
2019-04-18,2.8,2.84,2.79,2.81,69793996
2019-04-19,2.81,2.82,2.78,2.8,63909256
2019-04-22,2.81,2.82,2.76,2.77,85190133
2019-04-23,2.78,2.78,2.74,2.76,70264038
2019-04-24,2.76,2.77,2.72,2.74,56394862
2019-04-25,2.74,2.74,2.68,2.69,61909324
2019-04-26,2.68,2.68,2.62,2.63,78554635
2019-05-06,2.69,2.69,2.51,2.6,117819022
2019-05-07,2.59,2.61,2.53,2.57,104149217
2019-05-08,2.54,2.58,2.51,2.55,84436205
2019-05-09,2.54,2.55,2.52,2.53,41632193
2019-05-10,2.53,2.58,2.52,2.57,65707531
2019-05-13,2.54,2.56,2.53,2.55,34713533
2019-05-14,2.53,2.55,2.52,2.53,39154167
2019-05-15,2.54,2.57,2.53,2.55,67697572
2019-05-16,2.55,2.57,2.54,2.57,42696598
2019-05-17,2.56,2.57,2.51,2.51,46318479
2019-05-20,2.5,2.51,2.48,2.49,49349986
2019-05-21,2.49,2.52,2.48,2.51,34078245
2019-05-22,2.51,2.52,2.48,2.49,32672028
2019-05-23,2.49,2.5,2.46,2.47,35800406
2019-05-24,2.47,2.49,2.46,2.47,30895168
2019-05-27,2.47,2.52,2.46,2.51,41487323
2019-05-28,2.51,2.53,2.5,2.53,70585698
2019-05-29,2.51,2.53,2.5,2.51,32671907
2019-05-30,2.51,2.51,2.49,2.5,25863633
2019-05-31,2.51,2.53,2.5,2.52,36568763
2019-06-03,2.51,2.53,2.5,2.52,35020971
2019-06-04,2.51,2.52,2.49,2.5,27418766
2019-06-05,2.51,2.52,2.5,2.5,32094055
2019-06-06,2.5,2.51,2.48,2.49,29500864
2019-06-10,2.5,2.53,2.49,2.53,49518687
2019-06-11,2.53,2.57,2.52,2.57,49166994
2019-06-12,2.56,2.57,2.54,2.55,38088071
2019-06-13,2.55,2.55,2.53,2.54,39504317
2019-06-14,2.55,2.55,2.52,2.53,33278167
2019-06-17,2.53,2.56,2.52,2.54,32693243
2019-06-18,2.55,2.56,2.54,2.55,32740473
2019-06-19,2.58,2.59,2.56,2.57,40212482
2019-06-20,2.56,2.59,2.55,2.58,63297024
2019-06-21,2.59,2.6,2.58,2.59,52918589
2019-06-24,2.59,2.6,2.57,2.57,36774109
2019-06-25,2.58,2.59,2.55,2.56,40490108
2019-06-26,2.56,2.57,2.54,2.55,26530394
2019-06-27,2.55,2.58,2.55,2.56,31846881
2019-06-28,2.53,2.57,2.52,2.54,49676202
2019-07-01,2.55,2.57,2.54,2.56,57733734
2019-07-02,2.56,2.56,2.54,2.55,36491554
2019-07-03,2.55,2.56,2.53,2.54,55982670
2019-07-04,2.54,2.56,2.53,2.55,59834552
2019-07-05,2.54,2.55,2.53,2.54,38781422
2019-07-08,2.54,2.54,2.49,2.49,52312735
2019-07-09,2.5,2.51,2.49,2.5,28990326
2019-07-10,2.5,2.51,2.48,2.49,26882123
2019-07-11,2.49,2.51,2.48,2.48,24814479
2019-07-12,2.49,2.5,2.48,2.49,25499679
2019-07-15,2.49,2.51,2.46,2.5,39999697
2019-07-16,2.5,2.51,2.49,2.51,18390679
2019-07-17,2.51,2.51,2.5,2.5,27353743
2019-07-18,2.5,2.5,2.48,2.49,23749104
2019-07-19,2.5,2.52,2.49,2.51,39213060
2019-07-22,2.51,2.52,2.49,2.5,32912717
2019-07-23,2.51,2.53,2.5,2.53,45286456
2019-07-24,2.53,2.54,2.52,2.54,42176021
2019-07-25,2.54,2.55,2.53,2.54,31534180
2019-07-26,2.54,2.56,2.53,2.56,53170284
2019-07-29,2.56,2.58,2.55,2.57,61532800
2019-07-30,2.58,2.58,2.54,2.55,33985750
2019-07-31,2.55,2.56,2.53,2.55,31769527
2019-08-01,2.54,2.58,2.54,2.57,59349228
2019-08-02,2.55,2.55,2.51,2.54,63332689
2019-08-05,2.54,2.55,2.5,2.51,48020600
2019-08-06,2.48,2.5,2.43,2.47,53057883
2019-08-07,2.47,2.52,2.46,2.47,47377333
2019-08-08,2.48,2.48,2.46,2.47,27766683
2019-08-09,2.47,2.48,2.44,2.45,25574127
2019-08-12,2.45,2.46,2.44,2.46,26892793
2019-08-13,2.45,2.45,2.43,2.45,28625843
2019-08-14,2.47,2.47,2.45,2.46,21149328
2019-08-15,2.43,2.46,2.41,2.45,33933711
2019-08-16,2.45,2.45,2.43,2.43,24189778
2019-08-19,2.44,2.47,2.43,2.47,38811527
2019-08-20,2.47,2.47,2.46,2.46,27257021
2019-08-21,2.46,2.49,2.46,2.47,33147851
2019-08-22,2.47,2.48,2.46,2.47,17357994
2019-08-23,2.47,2.47,2.46,2.47,19147282
2019-08-26,2.44,2.45,2.43,2.45,27469031
2019-08-27,2.45,2.49,2.44,2.46,59806723
2019-08-28,2.48,2.49,2.46,2.47,36593414
2019-08-29,2.47,2.47,2.45,2.47,21099281
2019-08-30,2.48,2.49,2.45,2.46,34654405
2019-09-02,2.46,2.48,2.45,2.47,42383893
2019-09-03,2.47,2.47,2.46,2.46,23915024
2019-09-04,2.47,2.48,2.46,2.47,40246023
2019-09-05,2.47,2.51,2.47,2.49,76577461
2019-09-06,2.49,2.5,2.47,2.49,38284557
2019-09-09,2.5,2.5,2.48,2.5,40262827
2019-09-10,2.49,2.5,2.48,2.49,37643598
2019-09-11,2.49,2.5,2.48,2.5,40686298
2019-09-12,2.49,2.5,2.48,2.5,38463261
2019-09-16,2.5,2.52,2.49,2.51,65664903
2019-09-17,2.5,2.51,2.47,2.47,60467190
2019-09-18,2.47,2.48,2.47,2.47,26973339
2019-09-19,2.48,2.48,2.46,2.47,33393607
2019-09-20,2.47,2.48,2.46,2.47,42124951
2019-09-23,2.47,2.47,2.43,2.45,55858260
2019-09-24,2.44,2.45,2.43,2.43,48265273
2019-09-25,2.42,2.43,2.41,2.41,28091774
2019-09-26,2.41,2.42,2.41,2.41,34936157
2019-09-27,2.41,2.42,2.4,2.4,28424486
2019-09-30,2.41,2.41,2.39,2.39,33893757
2019-10-08,2.39,2.4,2.38,2.38,28492504
2019-10-09,2.37,2.38,2.35,2.37,39997347
2019-10-10,2.37,2.39,2.36,2.38,37329487
2019-10-11,2.38,2.4,2.37,2.39,35594047
2019-10-14,2.4,2.42,2.39,2.41,39183115
2019-10-15,2.41,2.41,2.39,2.39,26706400
2019-10-16,2.4,2.41,2.38,2.39,35037440
2019-10-17,2.39,2.39,2.37,2.37,32916560
2019-10-18,2.38,2.39,2.35,2.35,36506755
2019-10-21,2.36,2.36,2.34,2.36,40847626
2019-10-22,2.36,2.36,2.33,2.35,42925659
2019-10-23,2.34,2.36,2.34,2.35,32995420
2019-10-24,2.34,2.35,2.34,2.34,20668590
2019-10-25,2.35,2.35,2.33,2.34,42388866
2019-10-28,2.35,2.37,2.34,2.36,47493156
2019-10-29,2.36,2.37,2.35,2.35,32816495
2019-10-30,2.35,2.36,2.33,2.34,30298482
2019-10-31,2.34,2.34,2.32,2.33,33375895
2019-11-01,2.33,2.35,2.31,2.34,43798535
2019-11-04,2.34,2.36,2.34,2.34,39671634
2019-11-05,2.34,2.36,2.34,2.35,41426033
2019-11-06,2.35,2.35,2.33,2.34,32771027
2019-11-07,2.33,2.34,2.33,2.34,27335502
2019-11-08,2.33,2.35,2.33,2.33,31373058
2019-11-11,2.33,2.34,2.29,2.3,46049110
2019-11-12,2.3,2.3,2.26,2.27,53980313
2019-11-13,2.26,2.27,2.24,2.24,44751746
2019-11-14,2.23,2.24,2.22,2.23,42604232
2019-11-15,2.23,2.23,2.19,2.2,47955520
2019-11-18,2.2,2.27,2.18,2.25,62056584
2019-11-19,2.24,2.26,2.23,2.25,34316596
2019-11-20,2.24,2.24,2.21,2.21,26461544
2019-11-21,2.22,2.22,2.2,2.22,22730250
2019-11-22,2.22,2.25,2.21,2.23,43952755
2019-11-25,2.23,2.27,2.22,2.27,49551043
2019-11-26,2.27,2.28,2.25,2.28,71079800
2019-11-27,2.27,2.29,2.26,2.27,35477625
2019-11-28,2.27,2.28,2.26,2.26,25760820
2019-11-29,2.26,2.27,2.25,2.26,21716380
2019-12-02,2.26,2.32,2.25,2.28,57179422
2019-12-03,2.28,2.32,2.27,2.31,50779447
2019-12-04,2.31,2.31,2.29,2.3,30090873
2019-12-05,2.3,2.31,2.28,2.29,31201456
2019-12-06,2.29,2.29,2.27,2.28,26603400
2019-12-09,2.28,2.3,2.27,2.29,38758720
2019-12-10,2.28,2.3,2.28,2.29,31723676
2019-12-11,2.29,2.3,2.28,2.28,21771607
2019-12-12,2.28,2.28,2.23,2.24,47681366
2019-12-13,2.25,2.27,2.24,2.27,55297835
2019-12-16,2.27,2.3,2.26,2.29,47985636
2019-12-17,2.29,2.33,2.28,2.32,68673464
2019-12-18,2.32,2.33,2.31,2.32,40817700
2019-12-19,2.32,2.34,2.31,2.32,51208638
2019-12-20,2.32,2.35,2.32,2.34,59085079
2019-12-23,2.33,2.34,2.3,2.3,45906400
2019-12-24,2.3,2.32,2.3,2.31,22121951
2019-12-25,2.31,2.33,2.3,2.32,32690419
2019-12-26,2.32,2.33,2.31,2.32,24638411
2019-12-27,2.32,2.33,2.31,2.31,45425742
2019-12-30,2.31,2.33,2.3,2.32,45916836
2019-12-31,2.33,2.35,2.32,2.34,46342469
2020-01-02,2.35,2.37,2.34,2.36,73908065
2020-01-03,2.35,2.36,2.34,2.35,45627823
2020-01-06,2.34,2.36,2.33,2.34,71404512
2020-01-07,2.34,2.37,2.33,2.36,62944900
2020-01-08,2.35,2.35,2.35,2.35,55200092
2020-01-09,2.35,2.36,2.33,2.35,48533049
2020-01-10,2.35,2.35,2.33,2.34,35444255
2020-01-13,2.32,2.32,2.32,2.32,54281420
2020-01-14,2.32,2.32,2.32,2.32,36899247
2020-01-15,2.32,2.33,2.3,2.31,39033230
2020-01-16,2.31,2.32,2.29,2.29,27906490
2020-01-17,2.29,2.31,2.29,2.29,26667971
2020-01-20,2.29,2.3,2.28,2.29,34552570
2020-01-21,2.29,2.3,2.26,2.27,34750239
2020-01-22,2.26,2.27,2.24,2.26,39660179
2020-01-23,2.25,2.25,2.21,2.22,58648602
2020-02-03,2.0,2.05,2.0,2.01,165224437
2020-02-04,2.0,2.1,2.0,2.06,111841725
2020-02-05,2.06,2.1,2.04,2.09,64667350
2020-02-06,2.09,2.1,2.06,2.1,56998714
2020-02-07,2.09,2.11,2.07,2.11,54671096
2020-02-10,2.09,2.12,2.08,2.11,57486073
2020-02-11,2.11,2.14,2.1,2.11,67663344
2020-02-12,2.11,2.14,2.09,2.13,67834454
2020-02-13,2.12,2.14,2.12,2.12,47717885
2020-02-14,2.12,2.13,2.11,2.12,33418045
2020-02-17,2.12,2.15,2.11,2.15,65406931
2020-02-18,2.15,2.18,2.13,2.15,66363439
2020-02-19,2.14,2.15,2.13,2.14,38632718
2020-02-20,2.14,2.17,2.13,2.16,65607873
2020-02-21,2.15,2.17,2.15,2.16,65342378
2020-02-24,2.16,2.16,2.13,2.14,61030245
2020-02-25,2.12,2.12,2.09,2.11,97236743
2020-02-26,2.1,2.15,2.08,2.14,100076594
2020-02-27,2.14,2.16,2.13,2.14,67657081
2020-02-28,2.12,2.12,2.08,2.1,93032304
2020-03-02,2.09,2.18,2.09,2.16,90740261
2020-03-03,2.17,2.18,2.14,2.14,102562267
2020-03-04,2.14,2.17,2.12,2.14,98778597
2020-03-05,2.15,2.18,2.14,2.17,121794333
2020-03-06,2.15,2.17,2.14,2.15,71939301
2020-03-09,2.14,2.15,2.11,2.11,95074800
2020-03-10,2.1,2.14,2.09,2.13,88837118
2020-03-11,2.13,2.14,2.11,2.12,69799475
2020-03-12,2.11,2.11,2.08,2.1,86309800
2020-03-13,2.04,2.08,2.02,2.08,85830535
2020-03-16,2.09,2.1,2.06,2.06,70280932
2020-03-17,2.04,2.07,2.04,2.06,68015569
2020-03-18,2.06,2.07,2.04,2.04,56038202
2020-03-19,2.04,2.05,2.01,2.04,73632540
2020-03-20,2.04,2.05,2.01,2.03,64041487
2020-03-23,2.0,2.02,2.0,2.01,66193675
2020-03-24,2.02,2.03,2.0,2.02,56747922
2020-03-25,2.04,2.05,2.02,2.03,64452707
2020-03-26,2.02,2.03,2.01,2.02,41990761
2020-03-27,2.03,2.04,2.02,2.03,47239648
2020-03-30,2.02,2.03,2.0,2.02,47576779
2020-03-31,2.03,2.04,2.02,2.03,43234171
2020-04-01,2.03,2.05,2.02,2.02,45111852
2020-04-02,2.02,2.04,2.01,2.03,38378042
2020-04-03,2.03,2.04,2.02,2.02,27813710
2020-04-07,2.03,2.05,2.03,2.05,58255009
2020-04-08,2.04,2.05,2.03,2.04,36158191
2020-04-09,2.05,2.05,2.04,2.04,16520837
2020-04-10,2.04,2.05,2.03,2.03,26339924
2020-04-13,2.03,2.04,2.02,2.03,30060800
2020-04-14,2.03,2.04,2.03,2.04,57376052
2020-04-15,2.04,2.04,2.02,2.03,42097361
2020-04-16,2.02,2.12,2.02,2.07,139291608
2020-04-17,2.05,2.06,2.02,2.04,93690722
2020-04-20,2.04,2.04,2.02,2.03,63428156
2020-04-21,2.03,2.03,2.0,2.01,74362959
2020-04-22,2.0,2.02,2.0,2.02,42139306
2020-04-23,2.02,2.02,2.0,2.01,47075167
2020-04-24,2.01,2.01,2.0,2.0,34157868
2020-04-27,2.0,2.01,1.99,2.0,34319922
2020-04-28,2.0,2.01,1.97,1.98,72255005
2020-04-29,1.97,1.99,1.97,1.98,37515655
2020-04-30,1.97,1.99,1.97,1.99,56574209
2020-05-06,1.98,1.99,1.97,1.98,46903084
2020-05-07,1.98,1.99,1.97,1.98,48017383
2020-05-08,1.98,1.99,1.97,1.98,39288312
2020-05-11,1.98,1.99,1.97,1.97,46029857
2020-05-12,1.97,1.98,1.95,1.96,51262413
2020-05-13,1.95,1.96,1.93,1.94,65013065
2020-05-14,1.93,1.94,1.9,1.9,73661444
2020-05-15,1.9,1.91,1.9,1.9,34241182
2020-05-18,1.9,1.9,1.88,1.89,58656156
2020-05-19,1.89,1.9,1.88,1.89,43400257
2020-05-20,1.89,1.9,1.88,1.88,25718453
2020-05-21,1.89,1.89,1.83,1.84,91408804
2020-05-22,1.83,1.83,1.79,1.81,82634908
2020-05-25,1.8,1.82,1.79,1.8,34109933
2020-05-26,1.81,1.82,1.8,1.81,35560132
2020-05-27,1.81,1.82,1.79,1.81,25444560
2020-05-28,1.81,1.83,1.8,1.81,37820207
2020-05-29,1.81,1.82,1.8,1.82,40288487
2020-06-01,1.82,1.84,1.81,1.83,49519443
2020-06-02,1.83,1.9,1.82,1.88,98029227
2020-06-03,1.88,1.88,1.84,1.84,65863237
2020-06-04,1.85,1.86,1.84,1.84,32090939
2020-06-05,1.84,1.85,1.83,1.84,35823911
2020-06-08,1.84,1.85,1.83,1.83,28592549
2020-06-09,1.84,1.86,1.83,1.85,53983660
2020-06-10,1.85,1.85,1.82,1.83,38533749
2020-06-11,1.83,1.83,1.81,1.82,29521454
2020-06-12,1.8,1.82,1.79,1.82,61667787
2020-06-15,1.81,1.82,1.8,1.8,45216672
2020-06-16,1.81,1.82,1.81,1.81,34158635
2020-06-17,1.82,1.83,1.81,1.83,31733047
2020-06-18,1.82,1.88,1.82,1.87,95778965
2020-06-19,1.85,1.86,1.84,1.86,54064734
2020-06-22,1.85,1.86,1.84,1.84,33244075
2020-06-23,1.84,1.85,1.82,1.82,37342442
2020-06-24,1.83,1.86,1.83,1.85,45291418
2020-06-29,1.84,1.86,1.83,1.84,38250736
2020-06-30,1.85,1.86,1.84,1.85,24801672
2020-07-01,1.85,1.86,1.84,1.86,39480759
2020-07-02,1.85,1.9,1.84,1.89,106044355
2020-07-03,1.85,1.88,1.84,1.88,113253382
2020-07-06,1.88,2.0,1.88,1.98,212355164
2020-07-07,2.01,2.04,1.97,1.98,203976814
2020-07-08,1.98,2.02,1.95,2.01,173371503
2020-07-09,2.0,2.02,1.99,2.01,135816268
2020-07-10,2.01,2.01,1.97,1.97,122311356
2020-07-13,1.97,2.01,1.96,2.0,124276668
2020-07-14,2.0,2.01,1.97,1.98,97486628
2020-07-15,1.98,2.01,1.96,1.97,99817891
2020-07-16,2.02,2.07,1.99,2.0,273301222
2020-07-17,1.99,2.0,1.97,1.98,105122965
2020-07-20,1.99,2.03,1.98,2.03,123603914
2020-07-21,2.03,2.05,2.0,2.01,83805693
2020-07-22,2.03,2.05,2.02,2.03,118233238
2020-07-23,2.02,2.04,2.0,2.02,107759247
2020-07-24,2.02,2.02,1.97,1.98,106197100
2020-07-27,1.98,2.0,1.97,1.99,62285034
2020-07-28,1.99,2.01,1.99,2.0,57052359
2020-07-29,2.0,2.03,1.99,2.02,81788882
2020-07-30,2.01,2.04,2.0,2.03,105137335
2020-07-31,2.03,2.05,2.02,2.04,91740365
2020-08-03,2.04,2.06,2.04,2.06,82581464
2020-08-04,2.06,2.06,2.03,2.04,77584413
2020-08-05,2.03,2.05,2.02,2.03,69200630
2020-08-06,2.03,2.05,2.02,2.03,59341755
2020-08-07,2.03,2.04,2.02,2.03,62547034
2020-08-10,2.03,2.06,2.02,2.04,87396858
2020-08-11,2.05,2.09,2.04,2.06,118370820
2020-08-12,2.06,2.09,2.05,2.07,97590676
2020-08-13,2.07,2.13,2.07,2.13,139160689
2020-08-14,2.14,2.14,2.1,2.11,98347272
2020-08-17,2.11,2.13,2.1,2.11,67328990
2020-08-18,2.11,2.12,2.09,2.09,51737263
2020-08-19,2.1,2.2,2.08,2.17,224469689
2020-08-20,2.15,2.16,2.09,2.1,141285177
2020-08-21,2.1,2.12,2.09,2.1,59332864
2020-08-24,2.1,2.11,2.08,2.08,46805595
2020-08-25,2.09,2.09,2.05,2.06,59371705
2020-08-26,2.06,2.06,2.03,2.03,49102854
2020-08-27,2.03,2.04,2.02,2.03,33902456
2020-08-28,2.03,2.05,2.03,2.05,39805007
2020-08-31,2.04,2.06,2.04,2.05,50164337
2020-09-01,2.05,2.05,2.03,2.04,30024973
2020-09-02,2.03,2.07,2.03,2.05,73325197
2020-09-03,2.05,2.08,2.05,2.07,69714762
2020-09-04,2.06,2.1,2.05,2.09,59110086
2020-09-07,2.08,2.13,2.08,2.09,83107585
2020-09-08,2.09,2.14,2.09,2.13,87547008
2020-09-09,2.13,2.17,2.13,2.17,133819316
2020-09-10,2.17,2.17,2.1,2.1,123458230
2020-09-11,2.1,2.15,2.09,2.14,77110220
2020-09-14,2.15,2.18,2.14,2.15,60519081
2020-09-15,2.14,2.17,2.14,2.15,48610636
2020-09-16,2.16,2.18,2.15,2.17,83459169
2020-09-17,2.16,2.18,2.15,2.16,51199327
2020-09-18,2.17,2.17,2.14,2.16,63051571
2020-09-21,2.16,2.19,2.15,2.15,49479154
2020-09-22,2.14,2.15,2.12,2.12,42218462
2020-09-23,2.13,2.14,2.1,2.11,35400022
2020-09-24,2.11,2.11,2.06,2.07,53884675
2020-09-25,2.07,2.08,2.05,2.06,39693258
2020-09-28,2.06,2.07,2.03,2.05,27145820
2020-09-29,2.05,2.06,2.03,2.03,30884937
2020-09-30,2.04,2.04,2.01,2.02,35088354
2020-10-09,2.04,2.06,2.03,2.04,32823663
2020-10-12,2.05,2.08,2.04,2.07,41387237
2020-10-13,2.08,2.08,2.05,2.06,19982932
2020-10-14,2.05,2.06,2.03,2.03,28840243
2020-10-15,2.03,2.05,2.03,2.03,20841050
2020-10-16,2.04,2.05,2.03,2.04,18908300
2020-10-19,2.04,2.06,2.03,2.04,31524719
2020-10-20,2.03,2.04,2.03,2.03,20735435
2020-10-21,2.03,2.04,2.02,2.03,27812766
2020-10-22,2.04,2.04,2.02,2.03,21908742
2020-10-23,2.03,2.04,2.02,2.03,24413317
2020-10-26,2.03,2.03,2.01,2.01,21392261
2020-10-27,2.01,2.02,1.99,1.99,40129908
2020-10-28,1.99,2.0,1.97,1.98,38061247
2020-10-29,1.97,1.98,1.96,1.97,31412262
2020-10-30,1.98,1.98,1.96,1.96,39124800
2020-11-02,2.0,2.02,1.99,2.0,54362823
2020-11-03,2.01,2.04,2.0,2.03,36178268
2020-11-04,2.03,2.06,2.03,2.04,32037089
2020-11-05,2.05,2.06,2.04,2.04,25367509
2020-11-06,2.05,2.06,2.03,2.05,37528761
2020-11-09,2.06,2.08,2.06,2.07,44329243
2020-11-10,2.08,2.09,2.04,2.05,52164391
2020-11-11,2.06,2.08,2.06,2.08,40174226
2020-11-12,2.07,2.09,2.07,2.07,31840429
2020-11-13,2.08,2.08,2.05,2.06,28487643
2020-11-16,2.07,2.12,2.06,2.11,77175107
2020-11-17,2.11,2.13,2.1,2.11,62902897
2020-11-18,2.13,2.13,2.09,2.11,58106239
2020-11-19,2.11,2.13,2.11,2.12,60520160
2020-11-20,2.12,2.14,2.12,2.13,45950795
2020-11-23,2.14,2.16,2.13,2.16,70181258
2020-11-24,2.16,2.17,2.15,2.15,46224747
2020-11-25,2.16,2.18,2.15,2.15,62680741
2020-11-26,2.16,2.2,2.15,2.19,130300315
2020-11-27,2.18,2.19,2.14,2.16,88206810
2020-11-30,2.15,2.18,2.15,2.15,82316889
2020-12-01,2.16,2.17,2.13,2.16,60616604
2020-12-02,2.17,2.19,2.16,2.17,70215494
2020-12-03,2.18,2.19,2.16,2.18,63712858
2020-12-04,2.19,2.19,2.16,2.16,35681639
2020-12-07,2.16,2.2,2.16,2.18,87061666
2020-12-08,2.17,2.19,2.17,2.17,49892826
2020-12-09,2.17,2.18,2.15,2.15,67637845
2020-12-10,2.16,2.17,2.13,2.14,89140439
2020-12-11,2.13,2.14,2.03,2.03,203623083
2020-12-14,2.04,2.07,2.04,2.07,77700770
2020-12-15,2.06,2.08,2.03,2.07,72075321
2020-12-16,2.07,2.1,2.05,2.09,50496343
2020-12-17,2.09,2.18,2.08,2.17,115670677
2020-12-18,2.17,2.22,2.16,2.2,135087119
2020-12-21,2.2,2.23,2.18,2.18,77930398
2020-12-22,2.18,2.2,2.16,2.16,66759437
2020-12-23,2.17,2.22,2.16,2.22,86627235
2020-12-24,2.22,2.22,2.17,2.18,50005908
2020-12-25,2.18,2.27,2.17,2.24,145774063
2020-12-28,2.24,2.28,2.21,2.24,99334955
2020-12-29,2.25,2.26,2.22,2.24,86590028
2020-12-30,2.23,2.29,2.23,2.28,96263741
2020-12-31,2.28,2.3,2.24,2.25,65136465
2021-01-04,2.25,2.25,2.2,2.21,59253768
2021-01-05,2.21,2.21,2.16,2.16,56762206
2021-01-06,2.16,2.18,2.14,2.17,50002745
2021-01-07,2.17,2.2,2.16,2.17,53273223
2021-01-08,2.16,2.18,2.15,2.17,33845514
2021-01-11,2.17,2.18,2.1,2.12,55962711
2021-01-12,2.11,2.13,2.1,2.12,33063221
2021-01-13,2.12,2.16,2.09,2.16,57083412
2021-01-14,2.15,2.18,2.14,2.15,43997922
2021-01-15,2.15,2.15,2.12,2.12,37952859
2021-01-18,2.12,2.14,2.11,2.13,33572985
2021-01-19,2.13,2.13,2.11,2.12,30495943
2021-01-20,2.12,2.12,2.1,2.1,32287961
2021-01-21,2.1,2.12,2.1,2.1,39704613
2021-01-22,2.1,2.11,2.07,2.07,43328154
2021-01-25,2.07,2.07,2.05,2.05,31065225
2021-01-26,2.05,2.07,2.05,2.06,23748915
2021-01-27,2.05,2.07,2.05,2.05,25826407
2021-01-28,2.06,2.11,2.06,2.09,63286290
2021-01-29,2.09,2.12,2.08,2.1,55677909
2021-02-01,2.09,2.11,2.07,2.07,39290811
2021-02-02,2.08,2.08,2.06,2.06,24477796
2021-02-03,2.06,2.07,2.05,2.06,25830656
2021-02-04,2.06,2.07,2.04,2.04,32950032
2021-02-05,2.05,2.05,2.03,2.03,37339656
2021-02-08,2.03,2.06,2.03,2.05,23126463
2021-02-09,2.06,2.06,2.05,2.06,16581806
2021-02-10,2.06,2.06,2.05,2.06,26514325
2021-02-18,2.07,2.08,2.06,2.08,42510346
2021-02-19,2.07,2.11,2.07,2.11,43262577
2021-02-22,2.11,2.17,2.11,2.14,81925609
2021-02-23,2.14,2.16,2.14,2.14,43707909
2021-02-24,2.15,2.15,2.11,2.12,45178031
2021-02-25,2.12,2.14,2.11,2.14,41679327
2021-02-26,2.12,2.12,2.09,2.09,42560046
2021-03-01,2.1,2.13,2.09,2.11,50814606
2021-03-02,2.12,2.16,2.11,2.13,67539923
2021-03-03,2.12,2.16,2.11,2.15,63751979
2021-03-04,2.14,2.18,2.13,2.17,84974056
2021-03-05,2.16,2.17,2.14,2.16,52982878
2021-03-08,2.16,2.2,2.15,2.17,95953310
2021-03-09,2.17,2.17,2.12,2.14,76080684
2021-03-10,2.14,2.18,2.13,2.14,68263100
2021-03-11,2.14,2.17,2.13,2.17,68204948
2021-03-12,2.16,2.27,2.15,2.24,223713594
2021-03-15,2.22,2.25,2.19,2.22,117704046
2021-03-16,2.21,2.24,2.2,2.23,94180590
2021-03-17,2.23,2.23,2.17,2.18,73680617
2021-03-18,2.17,2.22,2.17,2.19,78749647
2021-03-19,2.18,2.28,2.16,2.25,189878292
2021-03-22,2.26,2.4,2.25,2.37,302939229
2021-03-23,2.35,2.36,2.26,2.27,180784959
2021-03-24,2.26,2.32,2.24,2.29,137835904
2021-03-25,2.29,2.29,2.21,2.22,88487177
2021-03-26,2.23,2.3,2.22,2.26,101699507
2021-03-29,2.26,2.32,2.25,2.27,102638212
2021-03-30,2.27,2.27,2.21,2.26,92044556
2021-03-31,2.25,2.31,2.24,2.29,108049629
2021-04-01,2.37,2.38,2.31,2.33,153384442
2021-04-02,2.32,2.35,2.29,2.34,107130007
2021-04-06,2.32,2.34,2.28,2.29,73769723
2021-04-07,2.29,2.35,2.28,2.35,113233594
2021-04-08,2.32,2.32,2.28,2.28,101391858
2021-04-09,2.28,2.31,2.27,2.28,54444541
2021-04-12,2.28,2.33,2.28,2.3,89514487
2021-04-13,2.3,2.3,2.27,2.28,54107235
2021-04-14,2.27,2.28,2.23,2.25,58224664
2021-04-15,2.24,2.25,2.23,2.24,32889633
2021-04-16,2.24,2.26,2.24,2.25,38273077
2021-04-19,2.26,2.28,2.25,2.28,41214162
2021-04-20,2.27,2.29,2.25,2.26,50461997
2021-04-21,2.25,2.26,2.22,2.23,42728193
2021-04-22,2.24,2.25,2.23,2.23,27945849
2021-04-23,2.24,2.24,2.2,2.2,40263157
2021-04-26,2.21,2.27,2.2,2.25,75748366
2021-04-27,2.25,2.29,2.25,2.27,62104290
2021-04-28,2.27,2.3,2.26,2.27,44812783
2021-04-29,2.27,2.28,2.26,2.27,27884817
2021-04-30,2.27,2.28,2.24,2.27,40824338
2021-05-06,2.26,2.32,2.26,2.31,71432848
2021-05-07,2.3,2.35,2.3,2.33,86962092
2021-05-10,2.34,2.37,2.33,2.37,95675395
2021-05-11,2.37,2.4,2.35,2.39,104315633
2021-05-12,2.4,2.4,2.35,2.4,93570053
2021-05-13,2.39,2.41,2.37,2.38,70157311
2021-05-14,2.38,2.4,2.37,2.39,68149880
2021-05-17,2.4,2.41,2.37,2.39,66572473
2021-05-18,2.4,2.42,2.38,2.41,55941913
2021-05-19,2.41,2.43,2.39,2.39,50242808
2021-05-20,2.39,2.41,2.37,2.4,63239329
2021-05-21,2.41,2.45,2.4,2.43,76647114
2021-05-24,2.43,2.48,2.43,2.46,76625493
2021-05-25,2.47,2.49,2.44,2.47,77255251
2021-05-26,2.47,2.49,2.45,2.49,58733956
2021-05-27,2.48,2.49,2.46,2.48,51847414
2021-05-28,2.48,2.48,2.45,2.46,53672880
2021-05-31,2.46,2.47,2.4,2.42,55793320
2021-06-01,2.42,2.44,2.37,2.43,72059511
2021-06-02,2.43,2.48,2.42,2.48,71387631
2021-06-03,2.48,2.53,2.47,2.49,76343612
2021-06-04,2.5,2.51,2.48,2.49,51082326
2021-06-07,2.49,2.52,2.48,2.51,50768838
2021-06-08,2.5,2.52,2.47,2.5,57474026
2021-06-09,2.5,2.5,2.46,2.46,53623888
2021-06-10,2.46,2.48,2.45,2.45,45398464
2021-06-11,2.46,2.5,2.45,2.48,82561167
2021-06-15,2.49,2.49,2.42,2.42,49823792
2021-06-16,2.42,2.47,2.4,2.46,53228809
2021-06-17,2.46,2.49,2.42,2.43,38990191
2021-06-18,2.43,2.44,2.4,2.41,30848844
2021-06-21,2.4,2.41,2.38,2.39,37822293
2021-06-22,2.38,2.43,2.38,2.39,55471019
2021-06-23,2.39,2.41,2.38,2.4,24268310
2021-06-24,2.39,2.42,2.39,2.4,30549117
2021-06-25,2.4,2.43,2.39,2.42,37358287
2021-06-28,2.45,2.48,2.45,2.46,50058192
2021-06-29,2.46,2.46,2.42,2.42,38085145
2021-06-30,2.43,2.44,2.41,2.43,30469546
2021-07-01,2.44,2.44,2.39,2.39,32676121
2021-07-02,2.39,2.42,2.38,2.39,35074459
2021-07-05,2.39,2.42,2.38,2.42,33142845
2021-07-06,2.41,2.43,2.4,2.43,28048284
2021-07-07,2.4,2.41,2.38,2.39,26624637
2021-07-08,2.4,2.4,2.36,2.37,29785314
2021-07-09,2.36,2.37,2.33,2.35,29428525
2021-07-12,2.36,2.37,2.33,2.33,37770417
2021-07-13,2.33,2.35,2.32,2.35,33485999
2021-07-14,2.35,2.36,2.34,2.34,31276309
2021-07-15,2.34,2.35,2.31,2.32,28930884
2021-07-16,2.31,2.33,2.3,2.31,22660592
2021-07-19,2.3,2.31,2.27,2.28,36506800
2021-07-20,2.27,2.29,2.23,2.29,41526087
2021-07-21,2.28,2.3,2.26,2.26,33545024
2021-07-22,2.26,2.3,2.26,2.29,33967727
2021-07-23,2.28,2.31,2.28,2.3,29067916
2021-07-26,2.29,2.3,2.26,2.27,37112292
2021-07-27,2.27,2.29,2.24,2.25,36739325
2021-07-28,2.25,2.26,2.21,2.21,36872880
2021-07-29,2.22,2.24,2.21,2.22,35956686
2021-07-30,2.22,2.29,2.22,2.29,53066261
2021-08-02,2.3,2.34,2.27,2.33,66946627
2021-08-03,2.34,2.39,2.32,2.36,74003249
2021-08-04,2.36,2.38,2.35,2.37,47101928
2021-08-05,2.37,2.38,2.34,2.37,37349746
2021-08-06,2.37,2.37,2.34,2.35,32300558
2021-08-09,2.36,2.38,2.35,2.36,39157148
2021-08-10,2.36,2.37,2.32,2.34,38033296
2021-08-11,2.34,2.38,2.33,2.36,46025803
2021-08-12,2.37,2.39,2.35,2.39,57927567
2021-08-13,2.39,2.41,2.38,2.4,51125028
2021-08-16,2.39,2.44,2.39,2.43,73686523
2021-08-17,2.42,2.46,2.41,2.42,78815261
2021-08-18,2.42,2.47,2.41,2.46,60433073
2021-08-19,2.46,2.51,2.44,2.5,100122243
2021-08-20,2.5,2.51,2.43,2.49,91510722
2021-08-23,2.5,2.59,2.48,2.58,142883030
2021-08-24,2.56,2.57,2.42,2.44,199786174
2021-08-25,2.44,2.48,2.4,2.46,76558694
2021-08-26,2.45,2.47,2.42,2.45,57725158
2021-08-27,2.45,2.49,2.44,2.46,64979607
2021-08-30,2.45,2.46,2.41,2.41,96685570
2021-08-31,2.42,2.48,2.42,2.47,82180031
2021-09-01,2.48,2.57,2.48,2.54,145171803
2021-09-02,2.54,2.7,2.53,2.68,247553749
2021-09-03,2.68,2.8,2.66,2.75,274282406
2021-09-06,2.79,2.85,2.72,2.77,173866391
2021-09-07,2.75,2.78,2.71,2.76,125597141
2021-09-08,2.77,3.04,2.76,3.0,389322908
2021-09-09,3.0,3.01,2.86,2.94,245563901
2021-09-10,2.92,2.97,2.85,2.86,185645747
2021-09-13,2.85,2.93,2.82,2.91,120635788
2021-09-14,2.92,2.95,2.8,2.82,163172749
2021-09-15,2.8,2.89,2.79,2.86,128016416
2021-09-16,2.86,2.92,2.83,2.85,135345568
2021-09-17,2.89,2.98,2.87,2.96,217365443
2021-09-22,2.94,3.26,2.92,3.26,503201032
2021-09-23,3.59,3.59,3.41,3.59,678359888
2021-09-24,3.55,3.68,3.39,3.47,917943722
2021-09-27,3.59,3.6,3.12,3.12,656283531
2021-09-28,3.02,3.33,3.01,3.31,573754066
2021-09-29,3.2,3.35,3.14,3.19,382382209
2021-09-30,3.18,3.29,3.07,3.25,336921896
2021-10-08,3.29,3.3,3.06,3.13,259602627
2021-10-11,3.2,3.27,3.08,3.11,230544486
2021-10-12,3.06,3.11,2.8,2.94,382546132
2021-10-13,2.92,2.92,2.75,2.8,230817316
2021-10-14,2.78,2.84,2.71,2.78,147048337
2021-10-15,2.77,2.82,2.72,2.77,127285375
2021-10-18,2.78,2.85,2.77,2.8,173565820
2021-10-19,2.79,2.81,2.73,2.78,144300289
2021-10-20,2.81,3.06,2.78,3.06,431453898
2021-10-21,3.06,3.06,2.95,2.97,297721616
2021-10-22,2.96,3.0,2.8,2.83,289522965
2021-10-25,2.82,2.89,2.78,2.84,165960799
2021-10-26,2.83,2.91,2.8,2.84,169572366
2021-10-27,2.8,3.01,2.79,2.93,293337632
2021-10-28,2.92,3.0,2.84,2.87,218686308
2021-10-29,2.83,2.86,2.69,2.79,197175851
2021-11-01,2.71,2.79,2.68,2.74,173332806
2021-11-02,2.74,2.75,2.59,2.63,180342236
2021-11-03,2.62,2.65,2.58,2.61,104335578
2021-11-04,2.61,2.66,2.58,2.64,105262767
2021-11-05,2.62,2.63,2.49,2.5,160009790
2021-11-08,2.48,2.52,2.46,2.48,69520150
2021-11-09,2.5,2.55,2.48,2.5,78792370
2021-11-10,2.49,2.49,2.41,2.46,93457052
2021-11-11,2.45,2.48,2.44,2.47,63896221
2021-11-12,2.47,2.48,2.44,2.46,62675896
2021-11-15,2.47,2.48,2.43,2.47,67757852
2021-11-16,2.45,2.47,2.43,2.45,60273787
2021-11-17,2.44,2.47,2.42,2.47,65366834
2021-11-18,2.47,2.51,2.45,2.49,94737789
2021-11-19,2.5,2.51,2.47,2.5,58467106
2021-11-22,2.5,2.53,2.5,2.5,57423875
2021-11-23,2.5,2.56,2.49,2.54,89881568
2021-11-24,2.57,2.58,2.51,2.56,95245832
2021-11-25,2.56,2.63,2.55,2.58,107629505
2021-11-26,2.57,2.57,2.52,2.54,67292200
2021-11-29,2.5,2.57,2.48,2.56,78791172
2021-11-30,2.56,2.62,2.51,2.54,144160338
2021-12-01,2.53,2.6,2.51,2.59,98531764
2021-12-02,2.57,2.61,2.56,2.57,85727504
2021-12-03,2.57,2.69,2.55,2.68,183879745
2021-12-06,2.68,2.78,2.68,2.7,183268984
2021-12-07,2.7,2.83,2.66,2.82,206659931
2021-12-08,2.84,2.84,2.75,2.8,162773927
2021-12-09,2.81,3.03,2.8,2.95,263677856
2021-12-10,2.91,3.06,2.89,2.91,233361139
2021-12-13,2.93,3.01,2.9,2.91,238625942
2021-12-14,2.87,2.89,2.81,2.88,174106555
2021-12-15,2.86,3.01,2.83,2.98,235877420
2021-12-16,2.96,3.0,2.93,2.97,161870357
2021-12-17,2.96,3.07,2.95,3.0,251077455
2021-12-20,2.92,2.96,2.88,2.91,205337792
2021-12-21,2.88,2.97,2.84,2.95,164328553
2021-12-22,3.0,3.04,2.93,2.95,163207179
2021-12-23,2.93,3.13,2.9,3.09,328914043
2021-12-24,3.12,3.18,3.04,3.05,274932705
2021-12-27,3.04,3.15,2.98,3.05,217336367
2021-12-28,3.03,3.06,2.91,2.93,219327542
2021-12-29,2.93,2.94,2.83,2.86,162202963
2021-12-30,2.86,2.92,2.84,2.9,129610359
2021-12-31,3.0,3.19,3.0,3.17,622266979
